Sales Period,Total Views,Policy,Gross Revenue (USD),Exchange Rate,Tunecore Commision,Net Revenue,Net Revenue Currency,YouTube Video Link,Song Name,Album Name,Label Name,Artist Name
2015-02-01,5,monetize,0.0,1.2412,0.2,0.0,CAD,http://www.youtube.com/watch?v=-HeIegXqdTg,Renegade (Remix) [feat. Juice],Demolition Volume 1,iRapproduction,Luigi
2015-02-01,60,monetize,0.001473,1.2412,0.2,0.001462,CAD,http://www.youtube.com/watch?v=-f7k6oOjRPQ,Renegade (Remix) [feat. Juice],Demolition Volume 1,iRapproduction,Luigi
2015-02-01,3,track,0.0,1.2412,0.2,0.0,CAD,http://www.youtube.com/watch?v=-f7k6oOjRPQ,Renegade (Remix) [feat. Juice],Demolition Volume 1,iRapproduction,Luigi
2015-02-01,1,monetize,0.0,1.2412,0.2,0.0,CAD,http://www.youtube.com/watch?v=07sQC7FYuP0,Without Struggle,Demolition Volume 1,iRapproduction,Luigi
2015-02-01,2,monetize,0.0,1.2412,0.2,0.0,CAD,http://www.youtube.com/watch?v=0FPmH48gHUk,Nobody Matches Me,Demolition Volume 1,iRapproduction,Luigi
2015-02-01,3,monetize,0.0,1.2412,0.2,0.0,CAD,http://www.youtube.com/watch?v=0FlYOykRbO0,Renegade (Remix) [feat. Juice],Demolition Volume 1,iRapproduction,Luigi
2015-02-01,2677,monetize,0.583503,1.2412,0.2,0.579395,CAD,http://www.youtube.com/watch?v=2eDsg1kw20E,Nobody Matches Me,Demolition Volume 1,iRapproduction,Luigi
2015-02-01,501,track,0.0,1.2412,0.2,0.0,CAD,http://www.youtube.com/watch?v=2eDsg1kw20E,Nobody Matches Me,Demolition Volume 1,iRapproduction,Luigi
2015-02-01,1,monetize,0.0,1.2412,0.2,0.0,CAD,http://www.youtube.com/watch?v=3KH3161pSSg,Renegade (Remix) [feat. Juice],Demolition Volume 1,iRapproduction,Luigi
2015-02-01,3,monetize,0.0,1.2412,0.2,0.0,CAD,http://www.youtube.com/watch?v=3pimg8ybmo8,Nobody Matches Me,Demolition Volume 1,iRapproduction,Luigi
2015-02-01,3,monetize,0.0,1.2412,0.2,0.0,CAD,http://www.youtube.com/watch?v=4E5qirsjcDo,Let That Kush Burn (Remix),Demolition Volume 1,iRapproduction,Luigi
2015-02-01,29,track,0.0,1.2412,0.2,0.0,CAD,http://www.youtube.com/watch?v=4E5qirsjcDo,Let That Kush Burn (Remix),Demolition Volume 1,iRapproduction,Luigi
2015-02-01,5,monetize,0.0,1.2412,0.2,0.0,CAD,http://www.youtube.com/watch?v=5euFv5PtxaA,Nobody Matches Me,Demolition Volume 1,iRapproduction,Luigi
2015-02-01,1284,monetize,1.624565,1.2412,0.2,1.613128,CAD,http://www.youtube.com/watch?v=5h2bRXIZsHo,Let That Kush Burn (Remix),Demolition Volume 1,iRapproduction,Luigi
2015-02-01,8,track,0.0,1.2412,0.2,0.0,CAD,http://www.youtube.com/watch?v=5h2bRXIZsHo,Let That Kush Burn (Remix),Demolition Volume 1,iRapproduction,Luigi
2015-02-01,6,monetize,0.000355,1.2412,0.2,0.000353,CAD,http://www.youtube.com/watch?v=6KeQsFgz98g,Let That Kush Burn (Remix),Demolition Volume 1,iRapproduction,Luigi
2015-02-01,1,monetize,0.0,1.2412,0.2,0.0,CAD,http://www.youtube.com/watch?v=6UQ8dPwsWxw,Renegade (Remix) [feat. Juice],Demolition Volume 1,iRapproduction,Luigi
2015-02-01,3,monetize,0.0,1.2412,0.2,0.0,CAD,http://www.youtube.com/watch?v=6_NZU5fZXx8,Paper Touching,Demolition Volume 1,iRapproduction,Luigi
2015-02-01,6,monetize,0.0,1.2412,0.2,0.0,CAD,http://www.youtube.com/watch?v=6xGPBZjFjgU,Nobody Matches Me,Demolition Volume 1,iRapproduction,Luigi
2015-02-01,1,monetize,0.0,1.2412,0.2,0.0,CAD,http://www.youtube.com/watch?v=7IuaQhofBBs,Let That Kush Burn (Remix),Demolition Volume 1,iRapproduction,Luigi
2015-02-01,100,track,0.0,1.2412,0.2,0.0,CAD,http://www.youtube.com/watch?v=7IuaQhofBBs,Let That Kush Burn (Remix),Demolition Volume 1,iRapproduction,Luigi
2015-02-01,16,track,0.0,1.2412,0.2,0.0,CAD,http://www.youtube.com/watch?v=7_ZRr4kxbwo,Let That Kush Burn (Remix),Demolition Volume 1,iRapproduction,Luigi
2015-02-01,1,monetize,0.0,1.2412,0.2,0.0,CAD,http://www.youtube.com/watch?v=7pGc1znC6Fk,Nobody Matches Me,Demolition Volume 1,iRapproduction,Luigi
2015-02-01,60,monetize,0.000076,1.2412,0.2,0.000076,CAD,http://www.youtube.com/watch?v=7rRcGk4ltlA,Nobody Matches Me,Demolition Volume 1,iRapproduction,Luigi
2015-02-01,62,track,0.0,1.2412,0.2,0.0,CAD,http://www.youtube.com/watch?v=8DtuR9M_kFg,Without Struggle,Demolition Volume 1,iRapproduction,Luigi
2015-02-01,6,monetize,0.0,1.2412,0.2,0.0,CAD,http://www.youtube.com/watch?v=8EU0qLHA59g,Let That Kush Burn (Remix),Demolition Volume 1,iRapproduction,Luigi
2015-02-01,9,monetize,0.000068,1.2412,0.2,0.000067,CAD,http://www.youtube.com/watch?v=97m0UWYPOek,Let That Kush Burn (Remix),Demolition Volume 1,iRapproduction,Luigi
2015-02-01,4,track,0.0,1.2412,0.2,0.0,CAD,http://www.youtube.com/watch?v=97m0UWYPOek,Let That Kush Burn (Remix),Demolition Volume 1,iRapproduction,Luigi
2015-02-01,3,monetize,0.0,1.2412,0.2,0.0,CAD,http://www.youtube.com/watch?v=9YoLdOWc04g,Nobody Matches Me,Demolition Volume 1,iRapproduction,Luigi
2015-02-01,21,monetize,0.005364,1.2412,0.2,0.005326,CAD,http://www.youtube.com/watch?v=ATRhM9kCxfM,Let That Kush Burn (Remix),Demolition Volume 1,iRapproduction,Luigi
2015-02-01,1,monetize,0.0,1.2412,0.2,0.0,CAD,http://www.youtube.com/watch?v=AYuM_VjdqJw,Renegade (Remix) [feat. Juice],Demolition Volume 1,iRapproduction,Luigi
2015-02-01,157,monetize,0.001788,1.2412,0.2,0.001775,CAD,http://www.youtube.com/watch?v=AePdCus51SY,Nobody Matches Me,Demolition Volume 1,iRapproduction,Luigi
2015-02-01,7,track,0.0,1.2412,0.2,0.0,CAD,http://www.youtube.com/watch?v=AePdCus51SY,Nobody Matches Me,Demolition Volume 1,iRapproduction,Luigi
2015-02-01,9,monetize,0.0003,1.2412,0.2,0.000298,CAD,http://www.youtube.com/watch?v=Anr6drJQdEw,Renegade (Remix) [feat. Juice],Demolition Volume 1,iRapproduction,Luigi
2015-02-01,62,monetize,0.00002,1.2412,0.2,0.00002,CAD,http://www.youtube.com/watch?v=AzKMvn_GXjc,Let That Kush Burn (Remix),Demolition Volume 1,iRapproduction,Luigi
2015-02-01,1,track,0.0,1.2412,0.2,0.0,CAD,http://www.youtube.com/watch?v=AzKMvn_GXjc,Let That Kush Burn (Remix),Demolition Volume 1,iRapproduction,Luigi
2015-02-01,60,monetize,0.000066,1.2412,0.2,0.000066,CAD,http://www.youtube.com/watch?v=B6nXUIvK9xs,Renegade (Remix) [feat. Juice],Demolition Volume 1,iRapproduction,Luigi
2015-02-01,15,track,0.0,1.2412,0.2,0.0,CAD,http://www.youtube.com/watch?v=B6nXUIvK9xs,Renegade (Remix) [feat. Juice],Demolition Volume 1,iRapproduction,Luigi
2015-02-01,36,monetize,0.000041,1.2412,0.2,0.000041,CAD,http://www.youtube.com/watch?v=BYqzRwVtT6E,Let That Kush Burn (Remix),Demolition Volume 1,iRapproduction,Luigi
2015-02-01,2,track,0.0,1.2412,0.2,0.0,CAD,http://www.youtube.com/watch?v=BYqzRwVtT6E,Let That Kush Burn (Remix),Demolition Volume 1,iRapproduction,Luigi
2015-02-01,4,monetize,0.0,1.2412,0.2,0.0,CAD,http://www.youtube.com/watch?v=BvRahl7L_wk,Renegade (Remix) [feat. Juice],Demolition Volume 1,iRapproduction,Luigi
2015-02-01,3,monetize,0.0,1.2412,0.2,0.0,CAD,http://www.youtube.com/watch?v=BvraVqPPX8I,Let That Kush Burn (Remix),Demolition Volume 1,iRapproduction,Luigi
2015-02-01,1,monetize,0.0,1.2412,0.2,0.0,CAD,http://www.youtube.com/watch?v=C9mZF7vd93w,Nobody Matches Me,Demolition Volume 1,iRapproduction,Luigi
2015-02-01,4,track,0.0,1.2412,0.2,0.0,CAD,http://www.youtube.com/watch?v=CPjabbJjH2k,Without Struggle,Demolition Volume 1,iRapproduction,Luigi
2015-02-01,2,monetize,0.0,1.2412,0.2,0.0,CAD,http://www.youtube.com/watch?v=CTKgG8sqokE,Renegade (Remix) [feat. Juice],Demolition Volume 1,iRapproduction,Luigi
2015-02-01,2,track,0.0,1.2412,0.2,0.0,CAD,http://www.youtube.com/watch?v=CTKgG8sqokE,Renegade (Remix) [feat. Juice],Demolition Volume 1,iRapproduction,Luigi
2015-02-01,6,monetize,0.0,1.2412,0.2,0.0,CAD,http://www.youtube.com/watch?v=CXMHIqFBW7A,Without Struggle,Demolition Volume 1,iRapproduction,Luigi
2015-02-01,7,monetize,0.0,1.2412,0.2,0.0,CAD,http://www.youtube.com/watch?v=Cd53DUxDsZY,Renegade (Remix) [feat. Juice],Demolition Volume 1,iRapproduction,Luigi
2015-02-01,1,track,0.0,1.2412,0.2,0.0,CAD,http://www.youtube.com/watch?v=Cd53DUxDsZY,Renegade (Remix) [feat. Juice],Demolition Volume 1,iRapproduction,Luigi
2015-02-01,51,monetize,0.0,1.2412,0.2,0.0,CAD,http://www.youtube.com/watch?v=CnwQZplHn6U,Let That Kush Burn (Remix),Demolition Volume 1,iRapproduction,Luigi
2015-02-01,6,monetize,0.000149,1.2412,0.2,0.000148,CAD,http://www.youtube.com/watch?v=DKXLszA24c0,Renegade (Remix) [feat. Juice],Demolition Volume 1,iRapproduction,Luigi
2015-02-01,2,monetize,0.0,1.2412,0.2,0.0,CAD,http://www.youtube.com/watch?v=D_XyWWE90Qk,Renegade (Remix) [feat. Juice],Demolition Volume 1,iRapproduction,Luigi
2015-02-01,4,monetize,0.0,1.2412,0.2,0.0,CAD,http://www.youtube.com/watch?v=EdNcSpxUVBA,Renegade (Remix) [feat. Juice],Demolition Volume 1,iRapproduction,Luigi
2015-02-01,79,monetize,0.000816,1.2412,0.2,0.000811,CAD,http://www.youtube.com/watch?v=FZfHGk6zdg8,Let That Kush Burn (Remix),Demolition Volume 1,iRapproduction,Luigi
2015-02-01,0,monetize,0.0,1.2412,0.2,0.0,CAD,http://www.youtube.com/watch?v=FgUQp9_a128,Renegade (Remix) [feat. Juice],Demolition Volume 1,iRapproduction,Luigi
2015-02-01,355,monetize,0.085935,1.2412,0.2,0.08533,CAD,http://www.youtube.com/watch?v=Fk2FG8JhCKA,Nobody Matches Me,Demolition Volume 1,iRapproduction,Luigi
2015-02-01,61,track,0.0,1.2412,0.2,0.0,CAD,http://www.youtube.com/watch?v=Fk2FG8JhCKA,Nobody Matches Me,Demolition Volume 1,iRapproduction,Luigi
2015-02-01,152,monetize,0.001522,1.2412,0.2,0.001512,CAD,http://www.youtube.com/watch?v=Ftki7vZXarg,Nobody Matches Me,Demolition Volume 1,iRapproduction,Luigi
2015-02-01,1,track,0.0,1.2412,0.2,0.0,CAD,http://www.youtube.com/watch?v=Ftki7vZXarg,Nobody Matches Me,Demolition Volume 1,iRapproduction,Luigi
2015-02-01,19240,monetize,6.955712,1.2412,0.2,6.906744,CAD,http://www.youtube.com/watch?v=G1EtGfo4MaU,Without Struggle,Demolition Volume 1,iRapproduction,Luigi
2015-02-01,504,track,0.0,1.2412,0.2,0.0,CAD,http://www.youtube.com/watch?v=G1EtGfo4MaU,Without Struggle,Demolition Volume 1,iRapproduction,Luigi
2015-02-01,1,monetize,0.0,1.2412,0.2,0.0,CAD,http://www.youtube.com/watch?v=G9xECej7ICY,Let That Kush Burn (Remix),Demolition Volume 1,iRapproduction,Luigi
2015-02-01,4,monetize,0.0,1.2412,0.2,0.0,CAD,http://www.youtube.com/watch?v=GA7f8p0PD4o,Renegade (Remix) [feat. Juice],Demolition Volume 1,iRapproduction,Luigi
2015-02-01,130,monetize,0.016437,1.2412,0.2,0.016322,CAD,http://www.youtube.com/watch?v=Gz6zv4GWfcE,Nobody Matches Me,Demolition Volume 1,iRapproduction,Luigi
2015-02-01,5,track,0.0,1.2412,0.2,0.0,CAD,http://www.youtube.com/watch?v=Gz6zv4GWfcE,Nobody Matches Me,Demolition Volume 1,iRapproduction,Luigi
2015-02-01,2,track,0.0,1.2412,0.2,0.0,CAD,http://www.youtube.com/watch?v=Hhh7v5mOhz4,Let That Kush Burn (Remix),Demolition Volume 1,iRapproduction,Luigi
2015-02-01,1,track,0.0,1.2412,0.2,0.0,CAD,http://www.youtube.com/watch?v=HrwaRJlBnFw,Let That Kush Burn (Remix),Demolition Volume 1,iRapproduction,Luigi
2015-02-01,7,monetize,0.0,1.2412,0.2,0.0,CAD,http://www.youtube.com/watch?v=HyJTsyvZBGE,Let That Kush Burn (Remix),Demolition Volume 1,iRapproduction,Luigi
2015-02-01,1,monetize,0.0,1.2412,0.2,0.0,CAD,http://www.youtube.com/watch?v=I-tYZ8xbC68,Bow Down (Remix),Demolition Volume 1,iRapproduction,Luigi
2015-02-01,1,track,0.0,1.2412,0.2,0.0,CAD,http://www.youtube.com/watch?v=I-tYZ8xbC68,Bow Down (Remix),Demolition Volume 1,iRapproduction,Luigi
2015-02-01,1,track,0.0,1.2412,0.2,0.0,CAD,http://www.youtube.com/watch?v=Imz1dph1GnA,Let That Kush Burn (Remix),Demolition Volume 1,iRapproduction,Luigi
2015-02-01,1,monetize,0.0,1.2412,0.2,0.0,CAD,http://www.youtube.com/watch?v=J8A1rW1X-Fw,Renegade (Remix) [feat. Juice],Demolition Volume 1,iRapproduction,Luigi
2015-02-01,5,monetize,0.000302,1.2412,0.2,0.0003,CAD,http://www.youtube.com/watch?v=JMeCGui3SKo,Let That Kush Burn (Remix),Demolition Volume 1,iRapproduction,Luigi
2015-02-01,1,monetize,0.000266,1.2412,0.2,0.000264,CAD,http://www.youtube.com/watch?v=J_h7fOkSMAw,Renegade (Remix) [feat. Juice],Demolition Volume 1,iRapproduction,Luigi
2015-02-01,85,track,0.0,1.2412,0.2,0.0,CAD,http://www.youtube.com/watch?v=J_h7fOkSMAw,Renegade (Remix) [feat. Juice],Demolition Volume 1,iRapproduction,Luigi
2015-02-01,21,monetize,0.000034,1.2412,0.2,0.000034,CAD,http://www.youtube.com/watch?v=Jev8dSSAmbI,Nobody Matches Me,Demolition Volume 1,iRapproduction,Luigi
2015-02-01,3,monetize,0.0,1.2412,0.2,0.0,CAD,http://www.youtube.com/watch?v=JgTLNQW9tG8,Nobody Matches Me,Demolition Volume 1,iRapproduction,Luigi
2015-02-01,1,track,0.0,1.2412,0.2,0.0,CAD,http://www.youtube.com/watch?v=JgTLNQW9tG8,Nobody Matches Me,Demolition Volume 1,iRapproduction,Luigi
2015-02-01,2,monetize,0.0,1.2412,0.2,0.0,CAD,http://www.youtube.com/watch?v=JkMa_7mzorE,Renegade (Remix) [feat. Juice],Demolition Volume 1,iRapproduction,Luigi
2015-02-01,1,monetize,0.0,1.2412,0.2,0.0,CAD,http://www.youtube.com/watch?v=JxL3ZupDqf4,Nobody Matches Me,Demolition Volume 1,iRapproduction,Luigi
2015-02-01,1,monetize,0.0,1.2412,0.2,0.0,CAD,http://www.youtube.com/watch?v=K3cPW41ypi4,Nobody Matches Me,Demolition Volume 1,iRapproduction,Luigi
2015-02-01,104,monetize,0.001284,1.2412,0.2,0.001275,CAD,http://www.youtube.com/watch?v=KjOUsml55fM,Nobody Matches Me,Demolition Volume 1,iRapproduction,Luigi
2015-02-01,3,track,0.0,1.2412,0.2,0.0,CAD,http://www.youtube.com/watch?v=KjOUsml55fM,Nobody Matches Me,Demolition Volume 1,iRapproduction,Luigi
2015-02-01,1,track,0.0,1.2412,0.2,0.0,CAD,http://www.youtube.com/watch?v=L-2MsflXiP4,Nobody Matches Me,Demolition Volume 1,iRapproduction,Luigi
2015-02-01,1,track,0.0,1.2412,0.2,0.0,CAD,http://www.youtube.com/watch?v=L9BdvcTwmzQ,Nobody Matches Me,Demolition Volume 1,iRapproduction,Luigi
2015-02-01,135,monetize,0.0,1.2412,0.2,0.0,CAD,http://www.youtube.com/watch?v=LA9yFdhMxmQ,Renegade (Remix) [feat. Juice],Demolition Volume 1,iRapproduction,Luigi
2015-02-01,2,track,0.0,1.2412,0.2,0.0,CAD,http://www.youtube.com/watch?v=LA9yFdhMxmQ,Renegade (Remix) [feat. Juice],Demolition Volume 1,iRapproduction,Luigi
2015-02-01,398,monetize,0.249364,1.2412,0.2,0.247608,CAD,http://www.youtube.com/watch?v=LQUDaljbWEY,Paper Touching,Demolition Volume 1,iRapproduction,Luigi
2015-02-01,108,track,0.0,1.2412,0.2,0.0,CAD,http://www.youtube.com/watch?v=LQUDaljbWEY,Paper Touching,Demolition Volume 1,iRapproduction,Luigi
2015-02-01,6,monetize,0.0,1.2412,0.2,0.0,CAD,http://www.youtube.com/watch?v=Lj24JGZiQcg,Let That Kush Burn (Remix),Demolition Volume 1,iRapproduction,Luigi
2015-02-01,8,monetize,0.0,1.2412,0.2,0.0,CAD,http://www.youtube.com/watch?v=LtCuAKPdPQA,Paper Touching,Demolition Volume 1,iRapproduction,Luigi
2015-02-01,0,track,0.0,1.2412,0.2,0.0,CAD,http://www.youtube.com/watch?v=LtCuAKPdPQA,Paper Touching,Demolition Volume 1,iRapproduction,Luigi
2015-02-01,12,monetize,0.000116,1.2412,0.2,0.000115,CAD,http://www.youtube.com/watch?v=ME2NtwAiLX4,Nobody Matches Me,Demolition Volume 1,iRapproduction,Luigi
2015-02-01,23,monetize,0.0,1.2412,0.2,0.0,CAD,http://www.youtube.com/watch?v=MHDZrbXTRks,Without Struggle,Demolition Volume 1,iRapproduction,Luigi
2015-02-01,24,monetize,0.0,1.2412,0.2,0.0,CAD,http://www.youtube.com/watch?v=MoxAfyLcK4g,Let That Kush Burn (Remix),Demolition Volume 1,iRapproduction,Luigi
2015-02-01,4,monetize,0.0,1.2412,0.2,0.0,CAD,http://www.youtube.com/watch?v=Mt3Xv7ZMJ7w,Renegade (Remix) [feat. Juice],Demolition Volume 1,iRapproduction,Luigi
2015-02-01,13,monetize,0.00028,1.2412,0.2,0.000278,CAD,http://www.youtube.com/watch?v=N_zZyjfzgd0,Real Rappers (feat. Juice),Demolition Volume 1,iRapproduction,Luigi
2015-02-01,53,track,0.0,1.2412,0.2,0.0,CAD,http://www.youtube.com/watch?v=N_zZyjfzgd0,Real Rappers (feat. Juice),Demolition Volume 1,iRapproduction,Luigi
2015-02-01,3,monetize,0.000004,1.2412,0.2,0.000004,CAD,http://www.youtube.com/watch?v=NptDgk5auz0,Nobody Matches Me,Demolition Volume 1,iRapproduction,Luigi
2015-02-01,8,monetize,0.0,1.2412,0.2,0.0,CAD,http://www.youtube.com/watch?v=ONXjTsV5rRg,Let That Kush Burn (Remix),Demolition Volume 1,iRapproduction,Luigi
2015-02-01,1,track,0.0,1.2412,0.2,0.0,CAD,http://www.youtube.com/watch?v=ONXjTsV5rRg,Let That Kush Burn (Remix),Demolition Volume 1,iRapproduction,Luigi
2015-02-01,6,monetize,0.0,1.2412,0.2,0.0,CAD,http://www.youtube.com/watch?v=OUnXAeo0DHk,Nobody Matches Me,Demolition Volume 1,iRapproduction,Luigi
2015-02-01,4,monetize,0.0,1.2412,0.2,0.0,CAD,http://www.youtube.com/watch?v=Oq_uf3JnbLY,Let That Kush Burn (Remix),Demolition Volume 1,iRapproduction,Luigi
2015-02-01,7,monetize,0.0,1.2412,0.2,0.0,CAD,http://www.youtube.com/watch?v=OuOq-sB7CZo,Nobody Matches Me,Demolition Volume 1,iRapproduction,Luigi
2015-02-01,2,monetize,0.0,1.2412,0.2,0.0,CAD,http://www.youtube.com/watch?v=Oy6lOFgaiHA,Renegade (Remix) [feat. Juice],Demolition Volume 1,iRapproduction,Luigi
2015-02-01,1,monetize,0.0,1.2412,0.2,0.0,CAD,http://www.youtube.com/watch?v=PE85sPBuSRY,Let That Kush Burn (Remix),Demolition Volume 1,iRapproduction,Luigi
2015-02-01,65,monetize,0.000209,1.2412,0.2,0.000207,CAD,http://www.youtube.com/watch?v=PVuSo0uqo4E,Let That Kush Burn (Remix),Demolition Volume 1,iRapproduction,Luigi
2015-02-01,2,monetize,0.0,1.2412,0.2,0.0,CAD,http://www.youtube.com/watch?v=QQcpMaFNxE0,Let That Kush Burn (Remix),Demolition Volume 1,iRapproduction,Luigi
2015-02-01,1,monetize,0.0,1.2412,0.2,0.0,CAD,http://www.youtube.com/watch?v=R953vF66p0Q,Nobody Matches Me,Demolition Volume 1,iRapproduction,Luigi
2015-02-01,7,monetize,0.000536,1.2412,0.2,0.000532,CAD,http://www.youtube.com/watch?v=RcJ4jwmmX5s,Renegade (Remix) [feat. Juice],Demolition Volume 1,iRapproduction,Luigi
2015-02-01,1,monetize,0.0,1.2412,0.2,0.0,CAD,http://www.youtube.com/watch?v=Rzmpyar6b3w,Let That Kush Burn (Remix),Demolition Volume 1,iRapproduction,Luigi
2015-02-01,49,monetize,0.000038,1.2412,0.2,0.000037,CAD,http://www.youtube.com/watch?v=SByPWFvTDF0,Let That Kush Burn (Remix),Demolition Volume 1,iRapproduction,Luigi
2015-02-01,8,track,0.0,1.2412,0.2,0.0,CAD,http://www.youtube.com/watch?v=SByPWFvTDF0,Let That Kush Burn (Remix),Demolition Volume 1,iRapproduction,Luigi
2015-02-01,29,monetize,0.0,1.2412,0.2,0.0,CAD,http://www.youtube.com/watch?v=StfnIbo4meM,Nobody Matches Me,Demolition Volume 1,iRapproduction,Luigi
2015-02-01,0,track,0.0,1.2412,0.2,0.0,CAD,http://www.youtube.com/watch?v=StfnIbo4meM,Nobody Matches Me,Demolition Volume 1,iRapproduction,Luigi
2015-02-01,1,monetize,0.0,1.2412,0.2,0.0,CAD,http://www.youtube.com/watch?v=THRVYKopyfQ,Let That Kush Burn (Remix),Demolition Volume 1,iRapproduction,Luigi
2015-02-01,1,monetize,0.0,1.2412,0.2,0.0,CAD,http://www.youtube.com/watch?v=TIjLcUCMAzQ,Let That Kush Burn (Remix),Demolition Volume 1,iRapproduction,Luigi
2015-02-01,172,monetize,0.000021,1.2412,0.2,0.000021,CAD,http://www.youtube.com/watch?v=TQ-Llr1k0EE,Without Struggle,Demolition Volume 1,iRapproduction,Luigi
2015-02-01,12,track,0.0,1.2412,0.2,0.0,CAD,http://www.youtube.com/watch?v=TQ-Llr1k0EE,Without Struggle,Demolition Volume 1,iRapproduction,Luigi
2015-02-01,5,monetize,0.0,1.2412,0.2,0.0,CAD,http://www.youtube.com/watch?v=TVNglMQebik,Nobody Matches Me,Demolition Volume 1,iRapproduction,Luigi
2015-02-01,9,monetize,0.000037,1.2412,0.2,0.000037,CAD,http://www.youtube.com/watch?v=TjpmrIj5kQw,Nobody Matches Me,Demolition Volume 1,iRapproduction,Luigi
2015-02-01,2,track,0.0,1.2412,0.2,0.0,CAD,http://www.youtube.com/watch?v=TjpmrIj5kQw,Nobody Matches Me,Demolition Volume 1,iRapproduction,Luigi
2015-02-01,33,monetize,0.00168,1.2412,0.2,0.001668,CAD,http://www.youtube.com/watch?v=Tt_i9-CCVoo,Let That Kush Burn (Remix),Demolition Volume 1,iRapproduction,Luigi
2015-02-01,70,monetize,0.04302,1.2412,0.2,0.042717,CAD,http://www.youtube.com/watch?v=URR7ISvrkgA,Paper Touching,Demolition Volume 1,iRapproduction,Luigi
2015-02-01,78,monetize,0.03206,1.2412,0.2,0.031834,CAD,http://www.youtube.com/watch?v=Us8aZ4et0yo,Nobody Matches Me,Demolition Volume 1,iRapproduction,Luigi
2015-02-01,1,track,0.0,1.2412,0.2,0.0,CAD,http://www.youtube.com/watch?v=Us8aZ4et0yo,Nobody Matches Me,Demolition Volume 1,iRapproduction,Luigi
2015-02-01,49,monetize,0.00008,1.2412,0.2,0.000079,CAD,http://www.youtube.com/watch?v=VfcKhDKiOz4,Renegade (Remix) [feat. Juice],Demolition Volume 1,iRapproduction,Luigi
2015-02-01,32,monetize,0.0,1.2412,0.2,0.0,CAD,http://www.youtube.com/watch?v=VktCKxPyYZo,Renegade (Remix) [feat. Juice],Demolition Volume 1,iRapproduction,Luigi
2015-02-01,7,monetize,0.0,1.2412,0.2,0.0,CAD,http://www.youtube.com/watch?v=WExSSrOWWvY,Let That Kush Burn (Remix),Demolition Volume 1,iRapproduction,Luigi
2015-02-01,3,monetize,0.0,1.2412,0.2,0.0,CAD,http://www.youtube.com/watch?v=X6Hz0DTiX-o,Nobody Matches Me,Demolition Volume 1,iRapproduction,Luigi
2015-02-01,1,track,0.0,1.2412,0.2,0.0,CAD,http://www.youtube.com/watch?v=X6Hz0DTiX-o,Nobody Matches Me,Demolition Volume 1,iRapproduction,Luigi
2015-02-01,68957,monetize,9.990656,1.2412,0.2,9.920322,CAD,http://www.youtube.com/watch?v=XH-J6pEldWg,Renegade (Remix) [feat. Juice],Demolition Volume 1,iRapproduction,Luigi
2015-02-01,33370,track,0.053896,1.2412,0.2,0.053517,CAD,http://www.youtube.com/watch?v=XH-J6pEldWg,Renegade (Remix) [feat. Juice],Demolition Volume 1,iRapproduction,Luigi
2015-02-01,1,track,0.0,1.2412,0.2,0.0,CAD,http://www.youtube.com/watch?v=XIAR-5M-Mt0,Nobody Matches Me,Demolition Volume 1,iRapproduction,Luigi
2015-02-01,330,monetize,0.030689,1.2412,0.2,0.030473,CAD,http://www.youtube.com/watch?v=XV-vh1CYAgQ,Renegade (Remix) [feat. Juice],Demolition Volume 1,iRapproduction,Luigi
2015-02-01,15,track,0.0,1.2412,0.2,0.0,CAD,http://www.youtube.com/watch?v=XV-vh1CYAgQ,Renegade (Remix) [feat. Juice],Demolition Volume 1,iRapproduction,Luigi
2015-02-01,2,monetize,0.0,1.2412,0.2,0.0,CAD,http://www.youtube.com/watch?v=YYrpX5OI2ZA,Renegade (Remix) [feat. Juice],Demolition Volume 1,iRapproduction,Luigi
2015-02-01,16,monetize,0.000388,1.2412,0.2,0.000385,CAD,http://www.youtube.com/watch?v=YwiR6wjCU8w,Ghostwriter,Demolition Volume 1,iRapproduction,Luigi
2015-02-01,2,track,0.0,1.2412,0.2,0.0,CAD,http://www.youtube.com/watch?v=YwiR6wjCU8w,Ghostwriter,Demolition Volume 1,iRapproduction,Luigi
2015-02-01,3260,monetize,1.932743,1.2412,0.2,1.919136,CAD,http://www.youtube.com/watch?v=Z2cM6-caIRw,Without Struggle,Demolition Volume 1,iRapproduction,Luigi
2015-02-01,539,track,0.0,1.2412,0.2,0.0,CAD,http://www.youtube.com/watch?v=Z2cM6-caIRw,Without Struggle,Demolition Volume 1,iRapproduction,Luigi
2015-02-01,1,track,0.0,1.2412,0.2,0.0,CAD,http://www.youtube.com/watch?v=Z95FhkZvwG4,Renegade (Remix) [feat. Juice],Demolition Volume 1,iRapproduction,Luigi
2015-02-01,466,track,0.0,1.2412,0.2,0.0,CAD,http://www.youtube.com/watch?v=ZyYSRcnpZfU,Nobody Matches Me,Demolition Volume 1,iRapproduction,Luigi
2015-02-01,2,monetize,0.0,1.2412,0.2,0.0,CAD,http://www.youtube.com/watch?v=_07uvuNbPD4,Nobody Matches Me,Demolition Volume 1,iRapproduction,Luigi
2015-02-01,7,track,0.0,1.2412,0.2,0.0,CAD,http://www.youtube.com/watch?v=_07uvuNbPD4,Nobody Matches Me,Demolition Volume 1,iRapproduction,Luigi
2015-02-01,1,track,0.0,1.2412,0.2,0.0,CAD,http://www.youtube.com/watch?v=_MqHz1maFm8,Renegade (Remix) [feat. Juice],Demolition Volume 1,iRapproduction,Luigi
2015-02-01,3,monetize,0.0,1.2412,0.2,0.0,CAD,http://www.youtube.com/watch?v=_QvNnBn44tg,Nobody Matches Me,Demolition Volume 1,iRapproduction,Luigi
2015-02-01,15,track,0.0,1.2412,0.2,0.0,CAD,http://www.youtube.com/watch?v=_QvNnBn44tg,Nobody Matches Me,Demolition Volume 1,iRapproduction,Luigi
2015-02-01,2,monetize,0.0,1.2412,0.2,0.0,CAD,http://www.youtube.com/watch?v=_vSjVmvykkA,Let That Kush Burn (Remix),Demolition Volume 1,iRapproduction,Luigi
2015-02-01,20,monetize,0.000166,1.2412,0.2,0.000165,CAD,http://www.youtube.com/watch?v=b01ESTAbVe4,Nobody Matches Me,Demolition Volume 1,iRapproduction,Luigi
2015-02-01,2,track,0.0,1.2412,0.2,0.0,CAD,http://www.youtube.com/watch?v=b01ESTAbVe4,Nobody Matches Me,Demolition Volume 1,iRapproduction,Luigi
2015-02-01,3,monetize,0.0,1.2412,0.2,0.0,CAD,http://www.youtube.com/watch?v=bO-1HcuGNdU,Nobody Matches Me,Demolition Volume 1,iRapproduction,Luigi
2015-02-01,5,track,0.0,1.2412,0.2,0.0,CAD,http://www.youtube.com/watch?v=bO-1HcuGNdU,Nobody Matches Me,Demolition Volume 1,iRapproduction,Luigi
2015-02-01,23,monetize,0.003048,1.2412,0.2,0.003026,CAD,http://www.youtube.com/watch?v=bp2dDX5yRE0,Nobody Matches Me,Demolition Volume 1,iRapproduction,Luigi
2015-02-01,87,monetize,0.001738,1.2412,0.2,0.001725,CAD,http://www.youtube.com/watch?v=c8oNYo791A0,Nobody Matches Me,Demolition Volume 1,iRapproduction,Luigi
2015-02-01,30,track,0.0,1.2412,0.2,0.0,CAD,http://www.youtube.com/watch?v=c8oNYo791A0,Nobody Matches Me,Demolition Volume 1,iRapproduction,Luigi
2015-02-01,0,monetize,0.0,1.2412,0.2,0.0,CAD,http://www.youtube.com/watch?v=cGmq-03O7Zo,Let That Kush Burn (Remix),Demolition Volume 1,iRapproduction,Luigi
2015-02-01,1,monetize,0.0,1.2412,0.2,0.0,CAD,http://www.youtube.com/watch?v=cSSx5wTtAVY,Let That Kush Burn (Remix),Demolition Volume 1,iRapproduction,Luigi
2015-02-01,399,monetize,0.00084,1.2412,0.2,0.000834,CAD,http://www.youtube.com/watch?v=cUMMopRm4sQ,Nobody Matches Me,Demolition Volume 1,iRapproduction,Luigi
2015-02-01,1,track,0.0,1.2412,0.2,0.0,CAD,http://www.youtube.com/watch?v=cUMMopRm4sQ,Nobody Matches Me,Demolition Volume 1,iRapproduction,Luigi
2015-02-01,1,monetize,0.0,1.2412,0.2,0.0,CAD,http://www.youtube.com/watch?v=cVeMKtmn7NY,Let That Kush Burn (Remix),Demolition Volume 1,iRapproduction,Luigi
2015-02-01,2,monetize,0.001788,1.2412,0.2,0.001775,CAD,http://www.youtube.com/watch?v=cZgh3epML-U,Renegade (Remix) [feat. Juice],Demolition Volume 1,iRapproduction,Luigi
2015-02-01,12,monetize,0.0,1.2412,0.2,0.0,CAD,http://www.youtube.com/watch?v=dWKXVF-Iw34,Nobody Matches Me,Demolition Volume 1,iRapproduction,Luigi
2015-02-01,4,monetize,0.0,1.2412,0.2,0.0,CAD,http://www.youtube.com/watch?v=e1Rvpo_QYtg,Let That Kush Burn (Remix),Demolition Volume 1,iRapproduction,Luigi
2015-02-01,7,monetize,0.002159,1.2412,0.2,0.002144,CAD,http://www.youtube.com/watch?v=edFEeBsutoo,Let That Kush Burn (Remix),Demolition Volume 1,iRapproduction,Luigi
2015-02-01,9,monetize,0.0,1.2412,0.2,0.0,CAD,http://www.youtube.com/watch?v=ezsIXNpfPas,Bow Down (Remix),Demolition Volume 1,iRapproduction,Luigi
2015-02-01,3,monetize,0.0,1.2412,0.2,0.0,CAD,http://www.youtube.com/watch?v=f49yJjQHVew,Nobody Matches Me,Demolition Volume 1,iRapproduction,Luigi
2015-02-01,2,monetize,0.0,1.2412,0.2,0.0,CAD,http://www.youtube.com/watch?v=fIyv6O5XFEQ,Renegade (Remix) [feat. Juice],Demolition Volume 1,iRapproduction,Luigi
2015-02-01,93,monetize,0.000232,1.2412,0.2,0.000231,CAD,http://www.youtube.com/watch?v=fbhofEAA1Qc,Get Fucked (feat. Juice),Demolition Volume 1,iRapproduction,Luigi
2015-02-01,2,track,0.0,1.2412,0.2,0.0,CAD,http://www.youtube.com/watch?v=fbhofEAA1Qc,Get Fucked (feat. Juice),Demolition Volume 1,iRapproduction,Luigi
2015-02-01,7739,monetize,4.541276,1.2412,0.2,4.509306,CAD,http://www.youtube.com/watch?v=fliZtWRBnFE,Nobody Matches Me,Demolition Volume 1,iRapproduction,Luigi
2015-02-01,1046,track,0.0,1.2412,0.2,0.0,CAD,http://www.youtube.com/watch?v=fliZtWRBnFE,Nobody Matches Me,Demolition Volume 1,iRapproduction,Luigi
2015-02-01,24,monetize,0.000102,1.2412,0.2,0.000102,CAD,http://www.youtube.com/watch?v=fmZ2nHslH-8,Let That Kush Burn (Remix),Demolition Volume 1,iRapproduction,Luigi
2015-02-01,3,monetize,0.0,1.2412,0.2,0.0,CAD,http://www.youtube.com/watch?v=fxdFB95I5TI,Renegade (Remix) [feat. Juice],Demolition Volume 1,iRapproduction,Luigi
2015-02-01,1,monetize,0.0,1.2412,0.2,0.0,CAD,http://www.youtube.com/watch?v=g40BK21FUno,Let That Kush Burn (Remix),Demolition Volume 1,iRapproduction,Luigi
2015-02-01,1,track,0.0,1.2412,0.2,0.0,CAD,http://www.youtube.com/watch?v=gAKbZi9ners,Let That Kush Burn (Remix),Demolition Volume 1,iRapproduction,Luigi
2015-02-01,23,monetize,0.00016,1.2412,0.2,0.000159,CAD,http://www.youtube.com/watch?v=gLHe58HLyuo,Nobody Matches Me,Demolition Volume 1,iRapproduction,Luigi
2015-02-01,1,track,0.0,1.2412,0.2,0.0,CAD,http://www.youtube.com/watch?v=gLHe58HLyuo,Nobody Matches Me,Demolition Volume 1,iRapproduction,Luigi
2015-02-01,1,monetize,0.0,1.2412,0.2,0.0,CAD,http://www.youtube.com/watch?v=gVlELKlgnmA,Renegade (Remix) [feat. Juice],Demolition Volume 1,iRapproduction,Luigi
2015-02-01,5,monetize,0.000466,1.2412,0.2,0.000463,CAD,http://www.youtube.com/watch?v=gmTmdd_ci50,Renegade (Remix) [feat. Juice],Demolition Volume 1,iRapproduction,Luigi
2015-02-01,35,monetize,0.0,1.2412,0.2,0.0,CAD,http://www.youtube.com/watch?v=hCbeL-A_QtI,Nobody Matches Me,Demolition Volume 1,iRapproduction,Luigi
2015-02-01,112,track,0.0,1.2412,0.2,0.0,CAD,http://www.youtube.com/watch?v=hCbeL-A_QtI,Nobody Matches Me,Demolition Volume 1,iRapproduction,Luigi
2015-02-01,3,monetize,0.0,1.2412,0.2,0.0,CAD,http://www.youtube.com/watch?v=hKxKXpiuOFQ,Let That Kush Burn (Remix),Demolition Volume 1,iRapproduction,Luigi
2015-02-01,6,monetize,0.0,1.2412,0.2,0.0,CAD,http://www.youtube.com/watch?v=hLgTgjXY2Tc,Thirsty (feat. Juice),Demolition Volume 1,iRapproduction,Luigi
2015-02-01,6,track,0.0,1.2412,0.2,0.0,CAD,http://www.youtube.com/watch?v=hLgTgjXY2Tc,Thirsty (feat. Juice),Demolition Volume 1,iRapproduction,Luigi
2015-02-01,1,monetize,0.0,1.2412,0.2,0.0,CAD,http://www.youtube.com/watch?v=hMzSemRX0Gs,Renegade (Remix) [feat. Juice],Demolition Volume 1,iRapproduction,Luigi
2015-02-01,2,monetize,0.0,1.2412,0.2,0.0,CAD,http://www.youtube.com/watch?v=hgT0HSMVIfE,Let That Kush Burn (Remix),Demolition Volume 1,iRapproduction,Luigi
2015-02-01,2,track,0.0,1.2412,0.2,0.0,CAD,http://www.youtube.com/watch?v=hgT0HSMVIfE,Let That Kush Burn (Remix),Demolition Volume 1,iRapproduction,Luigi
2015-02-01,4,monetize,0.0,1.2412,0.2,0.0,CAD,http://www.youtube.com/watch?v=i-UyFaEbEdc,Let That Kush Burn (Remix),Demolition Volume 1,iRapproduction,Luigi
2015-02-01,7,monetize,0.00005,1.2412,0.2,0.00005,CAD,http://www.youtube.com/watch?v=iOzTqokESB0,Nobody Matches Me,Demolition Volume 1,iRapproduction,Luigi
2015-02-01,1,track,0.0,1.2412,0.2,0.0,CAD,http://www.youtube.com/watch?v=iOzTqokESB0,Nobody Matches Me,Demolition Volume 1,iRapproduction,Luigi
2015-02-01,1,monetize,0.0,1.2412,0.2,0.0,CAD,http://www.youtube.com/watch?v=id0oeVE1gQk,Paper Touching,Demolition Volume 1,iRapproduction,Luigi
2015-02-01,1,monetize,0.0,1.2412,0.2,0.0,CAD,http://www.youtube.com/watch?v=im7IDhkTmRI,Nobody Matches Me,Demolition Volume 1,iRapproduction,Luigi
2015-02-01,17,track,0.0,1.2412,0.2,0.0,CAD,http://www.youtube.com/watch?v=im7IDhkTmRI,Nobody Matches Me,Demolition Volume 1,iRapproduction,Luigi
2015-02-01,2497,monetize,2.467075,1.2412,0.2,2.449707,CAD,http://www.youtube.com/watch?v=ipMG1Rhmmzo,Real Rappers (feat. Juice),Demolition Volume 1,iRapproduction,Luigi
2015-02-01,227,track,0.0,1.2412,0.2,0.0,CAD,http://www.youtube.com/watch?v=ipMG1Rhmmzo,Real Rappers (feat. Juice),Demolition Volume 1,iRapproduction,Luigi
2015-02-01,2,monetize,0.0,1.2412,0.2,0.0,CAD,http://www.youtube.com/watch?v=jged1jAW44E,Renegade (Remix) [feat. Juice],Demolition Volume 1,iRapproduction,Luigi
2015-02-01,1,monetize,0.0,1.2412,0.2,0.0,CAD,http://www.youtube.com/watch?v=jiyTy9G3CWc,Let That Kush Burn (Remix),Demolition Volume 1,iRapproduction,Luigi
2015-02-01,2,monetize,0.0,1.2412,0.2,0.0,CAD,http://www.youtube.com/watch?v=k2kJDhkefZY,Renegade (Remix) [feat. Juice],Demolition Volume 1,iRapproduction,Luigi
2015-02-01,4,track,0.0,1.2412,0.2,0.0,CAD,http://www.youtube.com/watch?v=k2kJDhkefZY,Renegade (Remix) [feat. Juice],Demolition Volume 1,iRapproduction,Luigi
2015-02-01,2,monetize,0.0,1.2412,0.2,0.0,CAD,http://www.youtube.com/watch?v=kLdwxa3Y1gI,Nobody Matches Me,Demolition Volume 1,iRapproduction,Luigi
2015-02-01,1,monetize,0.0,1.2412,0.2,0.0,CAD,http://www.youtube.com/watch?v=khJnRJ3dn4o,Let That Kush Burn (Remix),Demolition Volume 1,iRapproduction,Luigi
2015-02-01,13,track,0.0,1.2412,0.2,0.0,CAD,http://www.youtube.com/watch?v=kthewOWew30,Renegade (Remix) [feat. Juice],Demolition Volume 1,iRapproduction,Luigi
2015-02-01,157,monetize,0.00111,1.2412,0.2,0.001102,CAD,http://www.youtube.com/watch?v=lAsZPZVf7KQ,Let That Kush Burn (Remix),Demolition Volume 1,iRapproduction,Luigi
2015-02-01,7,monetize,0.0,1.2412,0.2,0.0,CAD,http://www.youtube.com/watch?v=lgU485-OsI8,Nobody Matches Me,Demolition Volume 1,iRapproduction,Luigi
2015-02-01,1,monetize,0.0,1.2412,0.2,0.0,CAD,http://www.youtube.com/watch?v=lxkyP7Ghvrs,Nobody Matches Me,Demolition Volume 1,iRapproduction,Luigi
2015-02-01,40,monetize,0.000209,1.2412,0.2,0.000207,CAD,http://www.youtube.com/watch?v=m1369V1M6PM,Nobody Matches Me,Demolition Volume 1,iRapproduction,Luigi
2015-02-01,112,track,0.0,1.2412,0.2,0.0,CAD,http://www.youtube.com/watch?v=m1369V1M6PM,Nobody Matches Me,Demolition Volume 1,iRapproduction,Luigi
2015-02-01,2,monetize,0.0,1.2412,0.2,0.0,CAD,http://www.youtube.com/watch?v=m9Io-n7NCvI,Renegade (Remix) [feat. Juice],Demolition Volume 1,iRapproduction,Luigi
2015-02-01,6,monetize,0.0,1.2412,0.2,0.0,CAD,http://www.youtube.com/watch?v=mL7O9nbpgB4,Nobody Matches Me,Demolition Volume 1,iRapproduction,Luigi
2015-02-01,1,track,0.0,1.2412,0.2,0.0,CAD,http://www.youtube.com/watch?v=mL7O9nbpgB4,Nobody Matches Me,Demolition Volume 1,iRapproduction,Luigi
2015-02-01,1,monetize,0.0,1.2412,0.2,0.0,CAD,http://www.youtube.com/watch?v=mSK8YS95h2M,Renegade (Remix) [feat. Juice],Demolition Volume 1,iRapproduction,Luigi
2015-02-01,2,monetize,0.0,1.2412,0.2,0.0,CAD,http://www.youtube.com/watch?v=mo_NQ9qHxco,Let That Kush Burn (Remix),Demolition Volume 1,iRapproduction,Luigi
2015-02-01,9,track,0.0,1.2412,0.2,0.0,CAD,http://www.youtube.com/watch?v=mo_NQ9qHxco,Let That Kush Burn (Remix),Demolition Volume 1,iRapproduction,Luigi
2015-02-01,141,monetize,0.006543,1.2412,0.2,0.006496,CAD,http://www.youtube.com/watch?v=n_vqrTS2618,Nobody Matches Me,Demolition Volume 1,iRapproduction,Luigi
2015-02-01,0,track,0.0,1.2412,0.2,0.0,CAD,http://www.youtube.com/watch?v=n_vqrTS2618,Nobody Matches Me,Demolition Volume 1,iRapproduction,Luigi
2015-02-01,24,monetize,0.000256,1.2412,0.2,0.000254,CAD,http://www.youtube.com/watch?v=nnJooHs1PuE,Renegade (Remix) [feat. Juice],Demolition Volume 1,iRapproduction,Luigi
2015-02-01,1,monetize,0.0,1.2412,0.2,0.0,CAD,http://www.youtube.com/watch?v=oSV3-1fqW6w,Renegade (Remix) [feat. Juice],Demolition Volume 1,iRapproduction,Luigi
2015-02-01,1,track,0.0,1.2412,0.2,0.0,CAD,http://www.youtube.com/watch?v=oXxCsGsNA50,Renegade (Remix) [feat. Juice],Demolition Volume 1,iRapproduction,Luigi
2015-02-01,4,monetize,0.0,1.2412,0.2,0.0,CAD,http://www.youtube.com/watch?v=oryYpod5L0Y,Unstoppable,Demolition Volume 1,iRapproduction,Luigi
2015-02-01,1,track,0.0,1.2412,0.2,0.0,CAD,http://www.youtube.com/watch?v=oryYpod5L0Y,Unstoppable,Demolition Volume 1,iRapproduction,Luigi
2015-02-01,27,monetize,0.0,1.2412,0.2,0.0,CAD,http://www.youtube.com/watch?v=p4_WeL2nZA8,Nobody Matches Me,Demolition Volume 1,iRapproduction,Luigi
2015-02-01,1,track,0.0,1.2412,0.2,0.0,CAD,http://www.youtube.com/watch?v=p4_WeL2nZA8,Nobody Matches Me,Demolition Volume 1,iRapproduction,Luigi
2015-02-01,4,monetize,0.0,1.2412,0.2,0.0,CAD,http://www.youtube.com/watch?v=pGGlub01OWs,Nobody Matches Me,Demolition Volume 1,iRapproduction,Luigi
2015-02-01,7,track,0.0,1.2412,0.2,0.0,CAD,http://www.youtube.com/watch?v=pGGlub01OWs,Nobody Matches Me,Demolition Volume 1,iRapproduction,Luigi
2015-02-01,13,monetize,0.0,1.2412,0.2,0.0,CAD,http://www.youtube.com/watch?v=paFcg3uX4sg,Paper Touching,Demolition Volume 1,iRapproduction,Luigi
2015-02-01,7,track,0.0,1.2412,0.2,0.0,CAD,http://www.youtube.com/watch?v=paFcg3uX4sg,Paper Touching,Demolition Volume 1,iRapproduction,Luigi
2015-02-01,398,monetize,0.150458,1.2412,0.2,0.149398,CAD,http://www.youtube.com/watch?v=qDOYE6lQcAg,Without Struggle,Demolition Volume 1,iRapproduction,Luigi
2015-02-01,36,track,0.0,1.2412,0.2,0.0,CAD,http://www.youtube.com/watch?v=qDOYE6lQcAg,Without Struggle,Demolition Volume 1,iRapproduction,Luigi
2015-02-01,1,monetize,0.0,1.2412,0.2,0.0,CAD,http://www.youtube.com/watch?v=qNoPgls3HAo,Nobody Matches Me,Demolition Volume 1,iRapproduction,Luigi
2015-02-01,2,monetize,0.0,1.2412,0.2,0.0,CAD,http://www.youtube.com/watch?v=qvUaJ5hbqe4,Let That Kush Burn (Remix),Demolition Volume 1,iRapproduction,Luigi
2015-02-01,5,monetize,0.0,1.2412,0.2,0.0,CAD,http://www.youtube.com/watch?v=r2vpfVjfyus,Without Struggle,Demolition Volume 1,iRapproduction,Luigi
2015-02-01,0,track,0.0,1.2412,0.2,0.0,CAD,http://www.youtube.com/watch?v=r2vpfVjfyus,Without Struggle,Demolition Volume 1,iRapproduction,Luigi
2015-02-01,32,monetize,0.001516,1.2412,0.2,0.001506,CAD,http://www.youtube.com/watch?v=r4sPyRiCdp8,Let That Kush Burn (Remix),Demolition Volume 1,iRapproduction,Luigi
2015-02-01,0,track,0.0,1.2412,0.2,0.0,CAD,http://www.youtube.com/watch?v=r4sPyRiCdp8,Let That Kush Burn (Remix),Demolition Volume 1,iRapproduction,Luigi
2015-02-01,266,monetize,0.015466,1.2412,0.2,0.015357,CAD,http://www.youtube.com/watch?v=r5kNfJLWv0w,Nobody Matches Me,Demolition Volume 1,iRapproduction,Luigi
2015-02-01,3,track,0.0,1.2412,0.2,0.0,CAD,http://www.youtube.com/watch?v=r5kNfJLWv0w,Nobody Matches Me,Demolition Volume 1,iRapproduction,Luigi
2015-02-01,2,track,0.0,1.2412,0.2,0.0,CAD,http://www.youtube.com/watch?v=rEL4_BP9YfM,Without Struggle,Demolition Volume 1,iRapproduction,Luigi
2015-02-01,2,monetize,0.0,1.2412,0.2,0.0,CAD,http://www.youtube.com/watch?v=rWYpvmo2-wE,Renegade (Remix) [feat. Juice],Demolition Volume 1,iRapproduction,Luigi
2015-02-01,2,monetize,0.0,1.2412,0.2,0.0,CAD,http://www.youtube.com/watch?v=rZ48CUF81yQ,Nobody Matches Me,Demolition Volume 1,iRapproduction,Luigi
2015-02-01,4,monetize,0.0,1.2412,0.2,0.0,CAD,http://www.youtube.com/watch?v=rdY8J0dzvhE,Nobody Matches Me,Demolition Volume 1,iRapproduction,Luigi
2015-02-01,1,monetize,0.0,1.2412,0.2,0.0,CAD,http://www.youtube.com/watch?v=rtVXn5brK6Y,Let That Kush Burn (Remix),Demolition Volume 1,iRapproduction,Luigi
2015-02-01,7,monetize,0.0,1.2412,0.2,0.0,CAD,http://www.youtube.com/watch?v=sEBPy3CNtMg,Let That Kush Burn (Remix),Demolition Volume 1,iRapproduction,Luigi
2015-02-01,4,monetize,0.0,1.2412,0.2,0.0,CAD,http://www.youtube.com/watch?v=sYKtVFgQBBw,Let That Kush Burn (Remix),Demolition Volume 1,iRapproduction,Luigi
2015-02-01,1,track,0.0,1.2412,0.2,0.0,CAD,http://www.youtube.com/watch?v=sbhPjRcx_5w,Nobody Matches Me,Demolition Volume 1,iRapproduction,Luigi
2015-02-01,1,monetize,0.0,1.2412,0.2,0.0,CAD,http://www.youtube.com/watch?v=t0wk3qpybOY,Nobody Matches Me,Demolition Volume 1,iRapproduction,Luigi
2015-02-01,1,monetize,0.0,1.2412,0.2,0.0,CAD,http://www.youtube.com/watch?v=t573OqMQDRk,Renegade (Remix) [feat. Juice],Demolition Volume 1,iRapproduction,Luigi
2015-02-01,1,monetize,0.0,1.2412,0.2,0.0,CAD,http://www.youtube.com/watch?v=tQwtV9aMgCA,Nobody Matches Me,Demolition Volume 1,iRapproduction,Luigi
2015-02-01,2,track,0.0,1.2412,0.2,0.0,CAD,http://www.youtube.com/watch?v=tQwtV9aMgCA,Nobody Matches Me,Demolition Volume 1,iRapproduction,Luigi
2015-02-01,1,monetize,0.0,1.2412,0.2,0.0,CAD,http://www.youtube.com/watch?v=tVzskNrzKJs,Nobody Matches Me,Demolition Volume 1,iRapproduction,Luigi
2015-02-01,1,track,0.0,1.2412,0.2,0.0,CAD,http://www.youtube.com/watch?v=tsHgIeLKNZc,Renegade (Remix) [feat. Juice],Demolition Volume 1,iRapproduction,Luigi
2015-02-01,16,monetize,0.000328,1.2412,0.2,0.000325,CAD,http://www.youtube.com/watch?v=tvzlF39Oc-A,Nobody Matches Me,Demolition Volume 1,iRapproduction,Luigi
2015-02-01,2,track,0.0,1.2412,0.2,0.0,CAD,http://www.youtube.com/watch?v=uagCElYSv0o,Let That Kush Burn (Remix),Demolition Volume 1,iRapproduction,Luigi
2015-02-01,1,monetize,0.0,1.2412,0.2,0.0,CAD,http://www.youtube.com/watch?v=uibOZSjRTIc,Nobody Matches Me,Demolition Volume 1,iRapproduction,Luigi
2015-02-01,1,monetize,0.0,1.2412,0.2,0.0,CAD,http://www.youtube.com/watch?v=utUrRmC_Yig,Without Struggle,Demolition Volume 1,iRapproduction,Luigi
2015-02-01,2,track,0.0,1.2412,0.2,0.0,CAD,http://www.youtube.com/watch?v=utUrRmC_Yig,Without Struggle,Demolition Volume 1,iRapproduction,Luigi
2015-02-01,0,monetize,0.0,1.2412,0.2,0.0,CAD,http://www.youtube.com/watch?v=vLKtJOO2QHo,Renegade (Remix) [feat. Juice],Demolition Volume 1,iRapproduction,Luigi
2015-02-01,1,monetize,0.000158,1.2412,0.2,0.000156,CAD,http://www.youtube.com/watch?v=vOIyIoMct-Q,Let That Kush Burn (Remix),Demolition Volume 1,iRapproduction,Luigi
2015-02-01,109,monetize,0.004497,1.2412,0.2,0.004466,CAD,http://www.youtube.com/watch?v=veAN8RDu2CM,Renegade (Remix) [feat. Juice],Demolition Volume 1,iRapproduction,Luigi
2015-02-01,2,monetize,0.0,1.2412,0.2,0.0,CAD,http://www.youtube.com/watch?v=vkPbDbBEVgI,Renegade (Remix) [feat. Juice],Demolition Volume 1,iRapproduction,Luigi
2015-02-01,2,monetize,0.000112,1.2412,0.2,0.000112,CAD,http://www.youtube.com/watch?v=vmceXHQPCDE,Renegade (Remix) [feat. Juice],Demolition Volume 1,iRapproduction,Luigi
2015-02-01,41,monetize,0.00342,1.2412,0.2,0.003396,CAD,http://www.youtube.com/watch?v=w3JtPqEWmGA,Nobody Matches Me,Demolition Volume 1,iRapproduction,Luigi
2015-02-01,1,track,0.0,1.2412,0.2,0.0,CAD,http://www.youtube.com/watch?v=w6s9O3eTgws,Let That Kush Burn (Remix),Demolition Volume 1,iRapproduction,Luigi
2015-02-01,62,monetize,0.000093,1.2412,0.2,0.000092,CAD,http://www.youtube.com/watch?v=wUD-RSqtCr8,Nobody Matches Me,Demolition Volume 1,iRapproduction,Luigi
2015-02-01,14,monetize,0.000646,1.2412,0.2,0.000642,CAD,http://www.youtube.com/watch?v=wXQfs0CXYDM,Renegade (Remix) [feat. Juice],Demolition Volume 1,iRapproduction,Luigi
2015-02-01,1,monetize,0.0,1.2412,0.2,0.0,CAD,http://www.youtube.com/watch?v=wcA3xGN0OoA,Renegade (Remix) [feat. Juice],Demolition Volume 1,iRapproduction,Luigi
2015-02-01,1,monetize,0.0,1.2412,0.2,0.0,CAD,http://www.youtube.com/watch?v=wtgRKIIQ5UI,Paper Touching,Demolition Volume 1,iRapproduction,Luigi
2015-02-01,2,monetize,0.0,1.2412,0.2,0.0,CAD,http://www.youtube.com/watch?v=xESMtFtURMw,Nobody Matches Me,Demolition Volume 1,iRapproduction,Luigi
2015-02-01,13,monetize,0.001615,1.2412,0.2,0.001604,CAD,http://www.youtube.com/watch?v=xkFeOPSTfqw,Renegade (Remix) [feat. Juice],Demolition Volume 1,iRapproduction,Luigi
2015-02-01,34,monetize,0.000254,1.2412,0.2,0.000252,CAD,http://www.youtube.com/watch?v=xu580_KFClc,Let That Kush Burn (Remix),Demolition Volume 1,iRapproduction,Luigi
2015-02-01,3,monetize,0.0,1.2412,0.2,0.0,CAD,http://www.youtube.com/watch?v=y5U4tU1pdhM,Renegade (Remix) [feat. Juice],Demolition Volume 1,iRapproduction,Luigi
2015-02-01,2,track,0.0,1.2412,0.2,0.0,CAD,http://www.youtube.com/watch?v=y5U4tU1pdhM,Renegade (Remix) [feat. Juice],Demolition Volume 1,iRapproduction,Luigi
2015-02-01,1,monetize,0.0,1.2412,0.2,0.0,CAD,http://www.youtube.com/watch?v=y6l9k79-kuU,Nobody Matches Me,Demolition Volume 1,iRapproduction,Luigi
2015-02-01,34,monetize,0.05144,1.2412,0.2,0.051078,CAD,http://www.youtube.com/watch?v=yIruZcMQteo,Paper Touching,Demolition Volume 1,iRapproduction,Luigi
2015-02-01,4,track,0.0,1.2412,0.2,0.0,CAD,http://www.youtube.com/watch?v=yIruZcMQteo,Paper Touching,Demolition Volume 1,iRapproduction,Luigi
2015-02-01,1,track,0.0,1.2412,0.2,0.0,CAD,http://www.youtube.com/watch?v=ykGtZ2xI0bI,Renegade (Remix) [feat. Juice],Demolition Volume 1,iRapproduction,Luigi
2015-02-01,35,monetize,0.00006,1.2412,0.2,0.00006,CAD,http://www.youtube.com/watch?v=zDp3NcJexUI,Paper Touching,Demolition Volume 1,iRapproduction,Luigi
2015-02-01,8,track,0.0,1.2412,0.2,0.0,CAD,http://www.youtube.com/watch?v=zDp3NcJexUI,Paper Touching,Demolition Volume 1,iRapproduction,Luigi
2015-02-01,2,monetize,0.0,1.2412,0.2,0.0,CAD,http://www.youtube.com/watch?v=zFXxQKMWm9c,Nobody Matches Me,Demolition Volume 1,iRapproduction,Luigi
2015-02-01,6,track,0.0,1.2412,0.2,0.0,CAD,http://www.youtube.com/watch?v=zFXxQKMWm9c,Nobody Matches Me,Demolition Volume 1,iRapproduction,Luigi
2015-02-01,1,monetize,0.0,1.2412,0.2,0.0,CAD,http://www.youtube.com/watch?v=zWJnKFFjosc,Renegade (Remix) [feat. Juice],Demolition Volume 1,iRapproduction,Luigi
2015-02-01,20,monetize,0.0,1.2412,0.2,0.0,CAD,http://www.youtube.com/watch?v=zo-dxci15Bc,Nobody Matches Me,Demolition Volume 1,iRapproduction,Luigi
